{
    "discounted_return": [
        -497.0, 
        -96.0, 
        -63.0, 
        -117.0, 
        -59.0, 
        -49.0, 
        -82.0, 
        -79.0, 
        -87.0, 
        -500.0, 
        -500.0, 
        -51.0, 
        -68.0, 
        -62.0, 
        -58.0, 
        -47.0
    ], 
    "learning_episode": [
        0, 
        30, 
        31, 
        32, 
        33, 
        35, 
        37, 
        38, 
        39, 
        40, 
        41, 
        44, 
        50, 
        56, 
        158, 
        292
    ], 
    "learning_steps": [
        0, 
        5486, 
        5557, 
        5635, 
        5693, 
        5850, 
        5984, 
        6062, 
        6151, 
        6228, 
        6294, 
        6530, 
        6932, 
        7354, 
        14272, 
        22741
    ], 
    "learning_time": [
        0, 
        0, 
        0, 
        0, 
        0, 
        0, 
        0, 
        0, 
        0, 
        0, 
        0, 
        0, 
        0, 
        0, 
        4.510638999999998, 
        9.756865000000005
    ], 
    "num_features": [
        1000, 
        1000, 
        1000, 
        1000, 
        1000, 
        1000, 
        1000, 
        1000, 
        1000, 
        1000, 
        1000, 
        1000, 
        1000, 
        1000, 
        1000, 
        1000
    ], 
    "return": [
        -497.0, 
        -96.0, 
        -63.0, 
        -117.0, 
        -59.0, 
        -49.0, 
        -82.0, 
        -79.0, 
        -87.0, 
        -500.0, 
        -500.0, 
        -51.0, 
        -68.0, 
        -62.0, 
        -58.0, 
        -47.0
    ], 
    "return_std": [
        0.0, 
        0.0, 
        0.0, 
        0.0, 
        0.0, 
        0.0, 
        0.0, 
        0.0, 
        0.0, 
        0.0, 
        0.0, 
        0.0, 
        0.0, 
        0.0, 
        0.0, 
        0.0
    ], 
    "seed": 54, 
    "steps": [
        498.0, 
        97.0, 
        64.0, 
        118.0, 
        60.0, 
        50.0, 
        83.0, 
        80.0, 
        88.0, 
        500.0, 
        500.0, 
        52.0, 
        69.0, 
        63.0, 
        59.0, 
        48.0
    ], 
    "terminated": [
        1.0, 
        1.0, 
        1.0, 
        1.0, 
        1.0, 
        1.0, 
        1.0, 
        1.0, 
        1.0, 
        0.0, 
        0.0, 
        1.0, 
        1.0, 
        1.0, 
        1.0, 
        1.0
    ]
}