{
    "discounted_return": [
        -500.0, 
        -500.0, 
        -500.0, 
        -500.0, 
        -500.0, 
        -500.0, 
        -125.0, 
        -500.0, 
        -500.0, 
        -500.0, 
        -500.0, 
        -167.0, 
        -500.0, 
        -500.0, 
        -500.0, 
        -500.0, 
        -76.0, 
        -92.0, 
        -97.0, 
        -178.0, 
        -102.0
    ], 
    "learning_episode": [
        0, 
        30, 
        31, 
        32, 
        33, 
        34, 
        35, 
        36, 
        37, 
        43, 
        44, 
        45, 
        48, 
        53, 
        56, 
        68, 
        116, 
        121, 
        130, 
        176, 
        191
    ], 
    "learning_steps": [
        0, 
        7839, 
        7950, 
        8130, 
        8300, 
        8422, 
        8520, 
        8606, 
        8707, 
        9742, 
        9908, 
        10036, 
        10474, 
        11122, 
        11471, 
        13006, 
        19535, 
        20217, 
        21141, 
        26426, 
        28100
    ], 
    "learning_time": [
        0, 
        0, 
        0, 
        0, 
        0, 
        0, 
        0, 
        0, 
        0, 
        0, 
        0, 
        0, 
        0, 
        0, 
        0, 
        0, 
        31.124223, 
        31.124223, 
        31.124223, 
        51.600491, 
        51.600491
    ], 
    "num_features": [
        2000, 
        2000, 
        2000, 
        2000, 
        2000, 
        2000, 
        2000, 
        2000, 
        2000, 
        2000, 
        2000, 
        2000, 
        2000, 
        2000, 
        2000, 
        2000, 
        2000, 
        2000, 
        2000, 
        2000, 
        2000
    ], 
    "return": [
        -500.0, 
        -500.0, 
        -500.0, 
        -500.0, 
        -500.0, 
        -500.0, 
        -125.0, 
        -500.0, 
        -500.0, 
        -500.0, 
        -500.0, 
        -167.0, 
        -500.0, 
        -500.0, 
        -500.0, 
        -500.0, 
        -76.0, 
        -92.0, 
        -97.0, 
        -178.0, 
        -102.0
    ], 
    "return_std": [
        0.0, 
        0.0, 
        0.0, 
        0.0, 
        0.0, 
        0.0, 
        0.0, 
        0.0, 
        0.0, 
        0.0, 
        0.0, 
        0.0, 
        0.0, 
        0.0, 
        0.0, 
        0.0, 
        0.0, 
        0.0, 
        0.0, 
        0.0, 
        0.0
    ], 
    "seed": 35, 
    "steps": [
        500.0, 
        500.0, 
        500.0, 
        500.0, 
        500.0, 
        500.0, 
        126.0, 
        500.0, 
        500.0, 
        500.0, 
        500.0, 
        168.0, 
        500.0, 
        500.0, 
        500.0, 
        500.0, 
        77.0, 
        93.0, 
        98.0, 
        179.0, 
        103.0
    ], 
    "terminated": [
        0.0, 
        0.0, 
        0.0, 
        0.0, 
        0.0, 
        0.0, 
        1.0, 
        0.0, 
        0.0, 
        0.0, 
        0.0, 
        1.0, 
        0.0, 
        0.0, 
        0.0, 
        0.0, 
        1.0, 
        1.0, 
        1.0, 
        1.0, 
        1.0
    ]
}