{
    "discounted_return": [
        -0.009999734386011132, 
        -0.009999734386011132, 
        -0.009999734386011132, 
        -0.009999734386011132, 
        -0.009999734386011132, 
        -0.009999734386011132, 
        -0.009999734386011132, 
        -0.009999734386011132, 
        -0.009999734386011132, 
        -0.009999734386011132, 
        -0.009829514688413272, 
        0.010050817529543673, 
        0.011280752277838263, 
        0.010245237045988412, 
        0.011583522057472944, 
        0.005877595971288036, 
        0.004042654714754729, 
        -0.008225567925457707, 
        0.00649191436547779, 
        -0.007120629341861327
    ], 
    "learning_episode": [
        4, 
        8, 
        12, 
        16, 
        20, 
        25, 
        29, 
        33, 
        37, 
        41, 
        46, 
        53, 
        63, 
        72, 
        80, 
        89, 
        96, 
        105, 
        114, 
        124
    ], 
    "learning_steps": [
        400, 
        800, 
        1200, 
        1600, 
        2000, 
        2400, 
        2800, 
        3200, 
        3600, 
        4000, 
        4400, 
        4800, 
        5200, 
        5600, 
        6000, 
        6400, 
        6800, 
        7200, 
        7600, 
        8000
    ], 
    "learning_time": [
        0.25477399999999983, 
        0.5498779999999992, 
        0.8260319999999992, 
        1.082968999999999, 
        1.342341999999999, 
        1.5849569999999997, 
        1.8338059999999996, 
        2.0867019999999994, 
        2.3460190000000005, 
        2.620417000000002, 
        2.8698100000000033, 
        3.138990000000002, 
        3.4014300000000035, 
        3.640803000000004, 
        3.8950760000000018, 
        4.146921000000001, 
        4.4005659999999995, 
        4.668265, 
        4.924393, 
        5.183240999999997
    ], 
    "num_features": [
        144, 
        144, 
        144, 
        144, 
        144, 
        144, 
        144, 
        144, 
        144, 
        144, 
        144, 
        144, 
        144, 
        144, 
        144, 
        144, 
        144, 
        144, 
        144, 
        144
    ], 
    "return": [
        -0.10000000000000006, 
        -0.10000000000000006, 
        -0.10000000000000006, 
        -0.10000000000000006, 
        -0.10000000000000006, 
        -0.10000000000000006, 
        -0.10000000000000006, 
        -0.10000000000000006, 
        -0.10000000000000006, 
        -0.10000000000000006, 
        0.02817499999999993, 
        0.9360250000000002, 
        0.9364250000000002, 
        0.9361750000000001, 
        0.9626999999999999, 
        0.9331249999999999, 
        0.9576500000000001, 
        0.41835000000000006, 
        0.9601, 
        0.6256499999999999
    ], 
    "seed": 1, 
    "steps": [
        100.0, 
        100.0, 
        100.0, 
        100.0, 
        100.0, 
        100.0, 
        100.0, 
        100.0, 
        100.0, 
        100.0, 
        96.95, 
        39.95, 
        39.55, 
        39.8, 
        38.3, 
        42.85, 
        43.35, 
        82.15, 
        40.9, 
        75.05
    ], 
    "terminated": [
        0.0, 
        0.0, 
        0.0, 
        0.0, 
        0.0, 
        0.0, 
        0.0, 
        0.0, 
        0.0, 
        0.0, 
        0.125, 
        0.975, 
        0.975, 
        0.975, 
        1.0, 
        0.975, 
        1.0, 
        0.5, 
        1.0, 
        0.7
    ]
}