{
    "discounted_return": [
        -0.009999734386011132, 
        -0.009999734386011132, 
        -0.009999734386011132, 
        -0.009999734386011132, 
        -0.009999734386011132, 
        -0.009999734386011132, 
        -0.009999734386011132, 
        -0.009999734386011132, 
        0.001502341115466339, 
        0.0022183789128724075, 
        0.0008834755791149899, 
        0.0018293467613814212, 
        0.0036712536334705067, 
        -0.008958661334392484, 
        0.007190980209161052, 
        -0.006807439132174986, 
        0.007659793481712485, 
        0.01024694852989915, 
        -0.009658651644391253, 
        0.004471016455517452
    ], 
    "learning_episode": [
        4, 
        8, 
        13, 
        17, 
        21, 
        25, 
        30, 
        34, 
        39, 
        47, 
        55, 
        64, 
        71, 
        77, 
        84, 
        93, 
        102, 
        112, 
        121, 
        127
    ], 
    "learning_steps": [
        400, 
        800, 
        1200, 
        1600, 
        2000, 
        2400, 
        2800, 
        3200, 
        3600, 
        4000, 
        4400, 
        4800, 
        5200, 
        5600, 
        6000, 
        6400, 
        6800, 
        7200, 
        7600, 
        8000
    ], 
    "learning_time": [
        0.24296000000000006, 
        0.5162690000000012, 
        0.7712039999999973, 
        1.0290259999999947, 
        1.301085999999998, 
        1.5543269999999936, 
        1.8250879999999938, 
        2.0857209999999995, 
        2.333104999999996, 
        2.5923119999999926, 
        2.8523409999999956, 
        3.0986409999999935, 
        3.4664280000000005, 
        3.7304590000000033, 
        3.978547000000006, 
        4.231189000000008, 
        4.497063000000004, 
        4.768151000000003, 
        5.017234000000002, 
        5.2695970000000045
    ], 
    "num_features": [
        144, 
        144, 
        144, 
        144, 
        144, 
        144, 
        144, 
        144, 
        144, 
        144, 
        144, 
        144, 
        144, 
        144, 
        144, 
        144, 
        144, 
        144, 
        144, 
        144
    ], 
    "return": [
        -0.10000000000000006, 
        -0.10000000000000006, 
        -0.10000000000000006, 
        -0.10000000000000006, 
        -0.10000000000000006, 
        -0.10000000000000006, 
        -0.10000000000000006, 
        -0.10000000000000006, 
        0.95515, 
        0.9302750000000002, 
        0.9289249999999999, 
        0.9556999999999999, 
        0.9566999999999999, 
        0.15945000000000012, 
        0.9595499999999996, 
        0.5761999999999998, 
        0.9601999999999997, 
        0.9625500000000002, 
        0.15550000000000005, 
        0.9055500000000001
    ], 
    "seed": 2, 
    "steps": [
        100.0, 
        100.0, 
        100.0, 
        100.0, 
        100.0, 
        100.0, 
        100.0, 
        100.0, 
        45.85, 
        45.7, 
        47.05, 
        45.3, 
        44.3, 
        90.8, 
        41.45, 
        74.45, 
        40.8, 
        38.45, 
        94.75, 
        45.4
    ], 
    "terminated": [
        0.0, 
        0.0, 
        0.0, 
        0.0, 
        0.0, 
        0.0, 
        0.0, 
        0.0, 
        1.0, 
        0.975, 
        0.975, 
        1.0, 
        1.0, 
        0.25, 
        1.0, 
        0.65, 
        1.0, 
        1.0, 
        0.25, 
        0.95
    ]
}