{
    "discounted_return": [
        -0.009999734386011132, 
        -0.009999734386011132, 
        -0.009999734386011132, 
        -0.009999734386011132, 
        -0.009999734386011132, 
        -0.009999734386011132, 
        -0.009991260483637528, 
        -0.009994776193336347, 
        -0.0099821620114803, 
        -0.009144422235689603, 
        0.0024655564621121244, 
        0.00607941532360803, 
        -0.004204730013084144, 
        0.010831788562896636, 
        0.006092508011900598, 
        0.006556086615871639, 
        0.010269994483913922, 
        -0.005629796256902459, 
        0.009895537282128589, 
        0.010801488117205084
    ], 
    "learning_episode": [
        4, 
        8, 
        12, 
        16, 
        21, 
        25, 
        29, 
        34, 
        38, 
        46, 
        53, 
        61, 
        68, 
        76, 
        85, 
        92, 
        101, 
        110, 
        120, 
        129
    ], 
    "learning_steps": [
        400, 
        800, 
        1200, 
        1600, 
        2000, 
        2400, 
        2800, 
        3200, 
        3600, 
        4000, 
        4400, 
        4800, 
        5200, 
        5600, 
        6000, 
        6400, 
        6800, 
        7200, 
        7600, 
        8000
    ], 
    "learning_time": [
        0.26046200000000397, 
        0.5035639999999972, 
        0.7499619999999965, 
        0.9947599999999923, 
        1.2619949999999918, 
        1.5025849999999892, 
        1.7407169999999823, 
        1.9818059999999846, 
        2.2136159999999805, 
        2.460415999999988, 
        2.6988609999999866, 
        2.9369139999999945, 
        3.2010159999999885, 
        3.454577999999991, 
        3.697842999999999, 
        3.967144999999995, 
        4.241318, 
        4.481812999999995, 
        4.728858999999993, 
        4.970382999999991
    ], 
    "num_features": [
        144, 
        144, 
        144, 
        144, 
        144, 
        144, 
        144, 
        144, 
        144, 
        144, 
        144, 
        144, 
        144, 
        144, 
        144, 
        144, 
        144, 
        144, 
        144, 
        144
    ], 
    "return": [
        -0.10000000000000006, 
        -0.10000000000000006, 
        -0.10000000000000006, 
        -0.10000000000000006, 
        -0.10000000000000006, 
        -0.10000000000000006, 
        -0.049350000000000074, 
        -0.07452500000000008, 
        -0.07422500000000007, 
        0.30915000000000015, 
        0.8520000000000003, 
        0.8809249999999998, 
        0.7350999999999999, 
        0.9625999999999999, 
        0.9590500000000001, 
        0.9598000000000002, 
        0.9624500000000002, 
        0.6809499999999998, 
        0.9622500000000003, 
        0.9627000000000001
    ], 
    "seed": 3, 
    "steps": [
        100.0, 
        100.0, 
        100.0, 
        100.0, 
        100.0, 
        100.0, 
        99.4, 
        99.55, 
        99.25, 
        91.25, 
        48.9, 
        45.0, 
        65.7, 
        38.4, 
        41.95, 
        41.2, 
        38.55, 
        69.8, 
        38.75, 
        38.3
    ], 
    "terminated": [
        0.0, 
        0.0, 
        0.0, 
        0.0, 
        0.0, 
        0.0, 
        0.05, 
        0.025, 
        0.025, 
        0.4, 
        0.9, 
        0.925, 
        0.8, 
        1.0, 
        1.0, 
        1.0, 
        1.0, 
        0.75, 
        1.0, 
        1.0
    ]
}