{
    "discounted_return": [
        -0.009999734386011132, 
        -0.009999734386011132, 
        -0.009999734386011132, 
        -0.009999734386011132, 
        -0.009999734386011132, 
        -0.009999734386011132, 
        -0.009999734386011132, 
        -0.009999734386011132, 
        -0.009999734386011132, 
        -0.00999361160287381, 
        -0.0049306361865384275, 
        -0.00045073238099824377, 
        0.007135506820002002, 
        0.010503867783881926, 
        0.0050952559689998005, 
        0.004764878509535061, 
        -0.007869704235965728, 
        0.011447144008493474, 
        0.009422969130833035, 
        0.0067399393162911
    ], 
    "learning_episode": [
        4, 
        8, 
        12, 
        16, 
        20, 
        24, 
        28, 
        33, 
        38, 
        42, 
        48, 
        55, 
        63, 
        72, 
        81, 
        89, 
        98, 
        106, 
        115, 
        124
    ], 
    "learning_steps": [
        400, 
        800, 
        1200, 
        1600, 
        2000, 
        2400, 
        2800, 
        3200, 
        3600, 
        4000, 
        4400, 
        4800, 
        5200, 
        5600, 
        6000, 
        6400, 
        6800, 
        7200, 
        7600, 
        8000
    ], 
    "learning_time": [
        0.254478000000006, 
        0.489602000000005, 
        0.7503600000000006, 
        1.0188600000000037, 
        1.2685410000000132, 
        1.5276930000000135, 
        1.7750630000000172, 
        2.0237360000000137, 
        2.275621000000015, 
        2.540212000000011, 
        2.800300000000007, 
        3.07236300000001, 
        3.333793000000014, 
        3.598524000000026, 
        3.87117200000003, 
        4.11859000000004, 
        4.393762000000038, 
        4.6502870000000485, 
        4.888450000000049, 
        5.299509000000057
    ], 
    "num_features": [
        144, 
        144, 
        144, 
        144, 
        144, 
        144, 
        144, 
        144, 
        144, 
        144, 
        144, 
        144, 
        144, 
        144, 
        144, 
        144, 
        144, 
        144, 
        144, 
        144
    ], 
    "return": [
        -0.10000000000000006, 
        -0.10000000000000006, 
        -0.10000000000000006, 
        -0.10000000000000006, 
        -0.10000000000000006, 
        -0.10000000000000006, 
        -0.10000000000000006, 
        -0.10000000000000006, 
        -0.10000000000000006, 
        -0.07447500000000008, 
        0.7347999999999997, 
        0.9535500000000001, 
        0.9609500000000001, 
        0.9626500000000002, 
        0.9589500000000001, 
        0.9589499999999995, 
        0.646775, 
        0.9629, 
        0.9619000000000002, 
        0.9601000000000001
    ], 
    "seed": 4, 
    "steps": [
        100.0, 
        100.0, 
        100.0, 
        100.0, 
        100.0, 
        100.0, 
        100.0, 
        100.0, 
        100.0, 
        99.5, 
        66.0, 
        47.45, 
        40.05, 
        38.35, 
        42.05, 
        42.05, 
        78.95, 
        38.1, 
        39.1, 
        40.9
    ], 
    "terminated": [
        0.0, 
        0.0, 
        0.0, 
        0.0, 
        0.0, 
        0.0, 
        0.0, 
        0.0, 
        0.0, 
        0.025, 
        0.8, 
        1.0, 
        1.0, 
        1.0, 
        1.0, 
        1.0, 
        0.725, 
        1.0, 
        1.0, 
        1.0
    ]
}