{
    "discounted_return": [
        -0.009999734386011132, 
        -0.009999734386011132, 
        -0.009999734386011132, 
        -0.009999734386011132, 
        -0.009999734386011132, 
        -0.009999734386011132, 
        -0.009999734386011132, 
        -0.009999734386011132, 
        -0.009999734386011132, 
        -0.009999734386011132, 
        -0.009058240979850567, 
        -0.006960479256607808, 
        0.003389978065515958, 
        -0.0004925847398877703, 
        0.009441265277915781, 
        0.010361277999737416, 
        0.009045185659567898, 
        -0.0051561370066072875, 
        0.005147438183128086, 
        0.0021390024927139878
    ], 
    "learning_episode": [
        4, 
        8, 
        12, 
        16, 
        20, 
        25, 
        29, 
        33, 
        37, 
        41, 
        46, 
        52, 
        60, 
        68, 
        78, 
        85, 
        94, 
        103, 
        111, 
        118
    ], 
    "learning_steps": [
        400, 
        800, 
        1200, 
        1600, 
        2000, 
        2400, 
        2800, 
        3200, 
        3600, 
        4000, 
        4400, 
        4800, 
        5200, 
        5600, 
        6000, 
        6400, 
        6800, 
        7200, 
        7600, 
        8000
    ], 
    "learning_time": [
        0.3511349999999993, 
        0.6181470000000076, 
        0.8768390000000039, 
        1.1197370000000006, 
        1.3822309999999902, 
        1.6340259999999915, 
        1.894956999999991, 
        2.174458999999999, 
        2.475180000000009, 
        2.83166700000001, 
        3.1284849999999977, 
        3.447893999999991, 
        3.7788179999999727, 
        4.068347999999958, 
        4.33956299999997, 
        4.619920999999977, 
        4.91947399999998, 
        5.236372999999986, 
        5.491217999999975, 
        5.794602999999967
    ], 
    "num_features": [
        144, 
        144, 
        144, 
        144, 
        144, 
        144, 
        144, 
        144, 
        144, 
        144, 
        144, 
        144, 
        144, 
        144, 
        144, 
        144, 
        144, 
        144, 
        144, 
        144
    ], 
    "return": [
        -0.10000000000000006, 
        -0.10000000000000006, 
        -0.10000000000000006, 
        -0.10000000000000006, 
        -0.10000000000000006, 
        -0.10000000000000006, 
        -0.10000000000000006, 
        -0.10000000000000006, 
        -0.10000000000000006, 
        -0.10000000000000006, 
        0.13272500000000004, 
        0.7530749999999997, 
        0.9572500000000002, 
        0.9534499999999998, 
        0.9612, 
        0.9623999999999999, 
        0.9616000000000005, 
        0.7087749999999999, 
        0.9587499999999997, 
        0.9557999999999998
    ], 
    "seed": 5, 
    "steps": [
        100.0, 
        100.0, 
        100.0, 
        100.0, 
        100.0, 
        100.0, 
        100.0, 
        100.0, 
        100.0, 
        100.0, 
        92.5, 
        72.75, 
        43.75, 
        47.55, 
        39.8, 
        38.6, 
        39.4, 
        67.0, 
        42.25, 
        45.2
    ], 
    "terminated": [
        0.0, 
        0.0, 
        0.0, 
        0.0, 
        0.0, 
        0.0, 
        0.0, 
        0.0, 
        0.0, 
        0.0, 
        0.225, 
        0.825, 
        1.0, 
        1.0, 
        1.0, 
        1.0, 
        1.0, 
        0.775, 
        1.0, 
        1.0
    ]
}