{
    "discounted_return": [
        -0.009998605231814102, 
        -0.009999734386011132, 
        -0.009999734386011132, 
        -0.009999734386011132, 
        -0.009999734386011132, 
        -0.009999734386011132, 
        -0.009999734386011132, 
        -0.009902236354558145, 
        -0.009999734386011132, 
        -0.009999734386011132, 
        0.0034424015472689132, 
        0.0070355099106887715, 
        0.011674692790393485, 
        -0.009999734386011132, 
        0.00808963153598984, 
        0.008615121442189348, 
        -0.007913903837101941, 
        0.003736861279488273, 
        -0.007811334830897512, 
        -0.009998821032777987
    ], 
    "learning_episode": [
        4, 
        8, 
        12, 
        16, 
        20, 
        25, 
        29, 
        33, 
        38, 
        44, 
        48, 
        55, 
        64, 
        71, 
        79, 
        88, 
        96, 
        105, 
        113, 
        122
    ], 
    "learning_steps": [
        400, 
        800, 
        1200, 
        1600, 
        2000, 
        2400, 
        2800, 
        3200, 
        3600, 
        4000, 
        4400, 
        4800, 
        5200, 
        5600, 
        6000, 
        6400, 
        6800, 
        7200, 
        7600, 
        8000
    ], 
    "learning_time": [
        0.2631109999999808, 
        0.5520349999999894, 
        0.8093539999999848, 
        1.085706999999985, 
        1.3665379999999914, 
        1.694783000000001, 
        2.0448159999999973, 
        2.350788999999992, 
        2.657699999999977, 
        2.910738999999978, 
        3.279752000000002, 
        3.5347580000000107, 
        3.7829440000000147, 
        4.037264000000022, 
        4.297311000000036, 
        4.584226000000029, 
        4.897400000000033, 
        5.164980000000014, 
        5.45202500000002, 
        5.739652000000007
    ], 
    "num_features": [
        144, 
        144, 
        144, 
        144, 
        144, 
        144, 
        144, 
        144, 
        144, 
        144, 
        144, 
        144, 
        144, 
        144, 
        144, 
        144, 
        144, 
        144, 
        144, 
        144
    ], 
    "return": [
        -0.07487500000000008, 
        -0.10000000000000006, 
        -0.10000000000000006, 
        -0.10000000000000006, 
        -0.10000000000000006, 
        -0.10000000000000006, 
        -0.10000000000000006, 
        -0.023525000000000077, 
        -0.10000000000000006, 
        -0.10000000000000006, 
        0.8516999999999996, 
        0.9586, 
        0.9629000000000001, 
        -0.10000000000000006, 
        0.9609500000000001, 
        0.9617499999999998, 
        0.6483749999999999, 
        0.9581500000000004, 
        0.3426750000000001, 
        -0.07492500000000007
    ], 
    "seed": 6, 
    "steps": [
        99.9, 
        100.0, 
        100.0, 
        100.0, 
        100.0, 
        100.0, 
        100.0, 
        98.6, 
        100.0, 
        100.0, 
        49.2, 
        42.4, 
        38.1, 
        100.0, 
        40.05, 
        39.25, 
        77.35, 
        42.85, 
        82.75, 
        99.95
    ], 
    "terminated": [
        0.025, 
        0.0, 
        0.0, 
        0.0, 
        0.0, 
        0.0, 
        0.0, 
        0.075, 
        0.0, 
        0.0, 
        0.9, 
        1.0, 
        1.0, 
        0.0, 
        1.0, 
        1.0, 
        0.725, 
        1.0, 
        0.425, 
        0.025
    ]
}