{
    "discounted_return": [
        -0.009999734386011132, 
        -0.009999734386011132, 
        -0.009999734386011132, 
        -0.009999734386011132, 
        -0.009999734386011132, 
        -0.009999734386011132, 
        -0.009999734386011132, 
        -0.009999734386011132, 
        -0.009999734386011132, 
        -0.009999734386011132, 
        -0.009624126256733364, 
        -0.0009273383831560827, 
        0.001642154539422185, 
        0.0065381591122945825, 
        -0.005015473164377395, 
        -0.00851962683166148, 
        0.012308436282440511, 
        -0.005329824397912359, 
        0.012284895426790144, 
        -0.005319810805639264
    ], 
    "learning_episode": [
        4, 
        8, 
        12, 
        16, 
        20, 
        24, 
        28, 
        32, 
        37, 
        41, 
        46, 
        51, 
        58, 
        66, 
        73, 
        81, 
        89, 
        99, 
        109, 
        117
    ], 
    "learning_steps": [
        400, 
        800, 
        1200, 
        1600, 
        2000, 
        2400, 
        2800, 
        3200, 
        3600, 
        4000, 
        4400, 
        4800, 
        5200, 
        5600, 
        6000, 
        6400, 
        6800, 
        7200, 
        7600, 
        8000
    ], 
    "learning_time": [
        0.27019599999999855, 
        0.5506059999999877, 
        0.8347239999999942, 
        1.2006700000000023, 
        1.4726680000000272, 
        1.8456230000000176, 
        2.0809980000000223, 
        2.313671000000028, 
        2.5992910000000222, 
        2.8622150000000204, 
        3.103872999999993, 
        3.357254999999981, 
        3.609698999999978, 
        3.867762999999968, 
        4.109920999999957, 
        4.355094999999949, 
        4.612818999999945, 
        4.8827319999999474, 
        5.165501999999947, 
        5.430812999999944
    ], 
    "num_features": [
        144, 
        144, 
        144, 
        144, 
        144, 
        144, 
        144, 
        144, 
        144, 
        144, 
        144, 
        144, 
        144, 
        144, 
        144, 
        144, 
        144, 
        144, 
        144, 
        144
    ], 
    "return": [
        -0.10000000000000006, 
        -0.10000000000000006, 
        -0.10000000000000006, 
        -0.10000000000000006, 
        -0.10000000000000006, 
        -0.10000000000000006, 
        -0.10000000000000006, 
        -0.10000000000000006, 
        -0.10000000000000006, 
        -0.10000000000000006, 
        0.1556500000000001, 
        0.8751249999999999, 
        0.9013, 
        0.8803250000000002, 
        0.8352999999999998, 
        0.41580000000000006, 
        0.9633499999999998, 
        0.7311999999999996, 
        0.9631499999999997, 
        0.862275
    ], 
    "seed": 7, 
    "steps": [
        100.0, 
        100.0, 
        100.0, 
        100.0, 
        100.0, 
        100.0, 
        100.0, 
        100.0, 
        100.0, 
        100.0, 
        94.6, 
        50.8, 
        49.65, 
        45.6, 
        65.6, 
        84.7, 
        37.65, 
        69.6, 
        37.85, 
        63.65
    ], 
    "terminated": [
        0.0, 
        0.0, 
        0.0, 
        0.0, 
        0.0, 
        0.0, 
        0.0, 
        0.0, 
        0.0, 
        0.0, 
        0.25, 
        0.925, 
        0.95, 
        0.925, 
        0.9, 
        0.5, 
        1.0, 
        0.8, 
        1.0, 
        0.925
    ]
}