{
    "discounted_return": [
        -0.009999734386011132, 
        -0.009999734386011132, 
        -0.009999734386011132, 
        -0.009999734386011132, 
        -0.009999734386011132, 
        -0.009999734386011132, 
        -0.009999734386011132, 
        -0.009996483599413474, 
        -0.009994615890764042, 
        -0.009601609975566285, 
        0.004847145912618516, 
        0.008952784109958565, 
        -0.0034690958813439776, 
        0.008351510897868378, 
        0.008912463236536253, 
        0.007229189196467763, 
        -0.009999734386011132, 
        -0.0034306397784593643, 
        0.0044686466264074265, 
        -0.006775271112591204
    ], 
    "learning_episode": [
        4, 
        9, 
        13, 
        17, 
        21, 
        25, 
        29, 
        33, 
        37, 
        42, 
        47, 
        54, 
        62, 
        71, 
        80, 
        89, 
        97, 
        105, 
        114, 
        122
    ], 
    "learning_steps": [
        400, 
        800, 
        1200, 
        1600, 
        2000, 
        2400, 
        2800, 
        3200, 
        3600, 
        4000, 
        4400, 
        4800, 
        5200, 
        5600, 
        6000, 
        6400, 
        6800, 
        7200, 
        7600, 
        8000
    ], 
    "learning_time": [
        0.2885549999999739, 
        0.5759429999999668, 
        0.8588379999999631, 
        1.161881999999963, 
        1.3955169999999555, 
        1.6941719999999805, 
        1.9474579999999833, 
        2.2447469999999896, 
        2.5149629999999945, 
        2.761134999999996, 
        3.0032500000000084, 
        3.2323570000000075, 
        3.4991710000000182, 
        3.754497000000015, 
        4.002504000000016, 
        4.243885000000034, 
        4.500760000000042, 
        4.7456140000000175, 
        4.989604000000014, 
        5.227003000000025
    ], 
    "num_features": [
        144, 
        144, 
        144, 
        144, 
        144, 
        144, 
        144, 
        144, 
        144, 
        144, 
        144, 
        144, 
        144, 
        144, 
        144, 
        144, 
        144, 
        144, 
        144, 
        144
    ], 
    "return": [
        -0.10000000000000006, 
        -0.10000000000000006, 
        -0.10000000000000006, 
        -0.10000000000000006, 
        -0.10000000000000006, 
        -0.10000000000000006, 
        -0.10000000000000006, 
        -0.07462500000000008, 
        -0.024475000000000077, 
        -0.047450000000000075, 
        0.9314250000000002, 
        0.96125, 
        0.9178749999999998, 
        0.9606999999999999, 
        0.9617000000000002, 
        0.9603999999999999, 
        -0.10000000000000006, 
        0.9179749999999999, 
        0.958, 
        0.5485750000000001
    ], 
    "seed": 8, 
    "steps": [
        100.0, 
        100.0, 
        100.0, 
        100.0, 
        100.0, 
        100.0, 
        100.0, 
        99.65, 
        99.55, 
        97.5, 
        44.55, 
        39.75, 
        58.1, 
        40.3, 
        39.3, 
        40.6, 
        100.0, 
        58.0, 
        43.0, 
        77.05
    ], 
    "terminated": [
        0.0, 
        0.0, 
        0.0, 
        0.0, 
        0.0, 
        0.0, 
        0.0, 
        0.025, 
        0.075, 
        0.05, 
        0.975, 
        1.0, 
        0.975, 
        1.0, 
        1.0, 
        1.0, 
        0.0, 
        0.975, 
        1.0, 
        0.625
    ]
}