{
    "discounted_return": [
        -0.009999734386011132, 
        -0.009999734386011132, 
        -0.009999734386011132, 
        -0.009999734386011132, 
        -0.009999734386011132, 
        -0.009999734386011132, 
        -0.009999734386011132, 
        -0.009820318998251394, 
        -0.009998605231814102, 
        0.004567299008010296, 
        0.013736560448632588, 
        0.0038306277525083825, 
        -0.006675383872710107, 
        0.011577198751164726, 
        0.010759619472920753, 
        0.0077514078511188135, 
        0.012071950615386701, 
        -0.0058321951954006706, 
        -0.008791468700464636, 
        0.007036400721955359
    ], 
    "learning_episode": [
        4, 
        8, 
        12, 
        17, 
        21, 
        25, 
        29, 
        33, 
        39, 
        44, 
        53, 
        62, 
        71, 
        78, 
        85, 
        94, 
        101, 
        110, 
        119, 
        127
    ], 
    "learning_steps": [
        400, 
        800, 
        1200, 
        1600, 
        2000, 
        2400, 
        2800, 
        3200, 
        3600, 
        4000, 
        4400, 
        4800, 
        5200, 
        5600, 
        6000, 
        6400, 
        6800, 
        7200, 
        7600, 
        8000
    ], 
    "learning_time": [
        0.25758100000001605, 
        0.5187010000000214, 
        0.7720400000000325, 
        1.0359580000000221, 
        1.3821820000000287, 
        1.6503460000000132, 
        1.9345580000000098, 
        2.215814000000023, 
        2.544760000000025, 
        2.842204000000038, 
        3.0876170000000513, 
        3.3936710000000403, 
        3.8782510000000627, 
        4.156853000000069, 
        4.454338000000064, 
        4.693970000000064, 
        4.994054000000062, 
        5.245653000000061, 
        5.503762000000052, 
        5.813979000000046
    ], 
    "num_features": [
        144, 
        144, 
        144, 
        144, 
        144, 
        144, 
        144, 
        144, 
        144, 
        144, 
        144, 
        144, 
        144, 
        144, 
        144, 
        144, 
        144, 
        144, 
        144, 
        144
    ], 
    "return": [
        -0.10000000000000006, 
        -0.10000000000000006, 
        -0.10000000000000006, 
        -0.10000000000000006, 
        -0.10000000000000006, 
        -0.10000000000000006, 
        -0.10000000000000006, 
        -0.04860000000000008, 
        -0.07487500000000008, 
        0.8263749999999999, 
        0.9641, 
        0.9049000000000001, 
        0.49597500000000017, 
        0.9630500000000002, 
        0.9626500000000002, 
        0.96035, 
        0.9631999999999998, 
        0.6530749999999999, 
        0.4666999999999997, 
        0.9599
    ], 
    "seed": 9, 
    "steps": [
        100.0, 
        100.0, 
        100.0, 
        100.0, 
        100.0, 
        100.0, 
        100.0, 
        98.65, 
        99.9, 
        49.5, 
        36.9, 
        46.05, 
        79.6, 
        37.95, 
        38.35, 
        40.65, 
        37.8, 
        72.65, 
        83.85, 
        41.1
    ], 
    "terminated": [
        0.0, 
        0.0, 
        0.0, 
        0.0, 
        0.0, 
        0.0, 
        0.0, 
        0.05, 
        0.025, 
        0.875, 
        1.0, 
        0.95, 
        0.575, 
        1.0, 
        1.0, 
        1.0, 
        1.0, 
        0.725, 
        0.55, 
        1.0
    ]
}