{
    "discounted_return": [
        -0.009999734386011132, 
        -0.009999734386011132, 
        -0.009999734386011132, 
        -0.009999734386011132, 
        -0.009999734386011132, 
        -0.009999734386011132, 
        -0.009999734386011132, 
        -0.009999734386011132, 
        -0.009999734386011132, 
        0.002555951292744032, 
        0.0056612286813644275, 
        0.009275164054431803, 
        0.006639213419141807, 
        -0.007828799089056055, 
        0.008434555206659118, 
        0.004918546163278801, 
        0.009225947749278419, 
        0.01071747287442185, 
        0.012168119143398416, 
        -0.001504632461548267
    ], 
    "learning_episode": [
        4, 
        8, 
        12, 
        16, 
        20, 
        24, 
        28, 
        33, 
        39, 
        45, 
        52, 
        59, 
        68, 
        76, 
        84, 
        92, 
        101, 
        111, 
        119, 
        128
    ], 
    "learning_steps": [
        400, 
        800, 
        1200, 
        1600, 
        2000, 
        2400, 
        2800, 
        3200, 
        3600, 
        4000, 
        4400, 
        4800, 
        5200, 
        5600, 
        6000, 
        6400, 
        6800, 
        7200, 
        7600, 
        8000
    ], 
    "learning_time": [
        0.24180699999999433, 
        0.4984279999999899, 
        0.7572209999999586, 
        1.1206549999999424, 
        1.373382999999933, 
        1.6455749999999512, 
        1.8904629999999543, 
        2.151559999999961, 
        2.5669679999999744, 
        2.8932140000000004, 
        3.3015139999999974, 
        3.575138000000038, 
        3.88087500000006, 
        4.135257000000024, 
        4.446378000000038, 
        4.751817000000074, 
        4.987858000000074, 
        5.317933000000096, 
        5.63114900000005, 
        5.913124000000039
    ], 
    "num_features": [
        144, 
        144, 
        144, 
        144, 
        144, 
        144, 
        144, 
        144, 
        144, 
        144, 
        144, 
        144, 
        144, 
        144, 
        144, 
        144, 
        144, 
        144, 
        144, 
        144
    ], 
    "return": [
        -0.10000000000000006, 
        -0.10000000000000006, 
        -0.10000000000000006, 
        -0.10000000000000006, 
        -0.10000000000000006, 
        -0.10000000000000006, 
        -0.10000000000000006, 
        -0.10000000000000006, 
        -0.10000000000000006, 
        0.9286749999999999, 
        0.9592, 
        0.9616000000000001, 
        0.9587000000000006, 
        0.5690999999999999, 
        0.9607000000000001, 
        0.9580000000000002, 
        0.9616499999999999, 
        0.9623500000000004, 
        0.9631500000000003, 
        0.94635
    ], 
    "seed": 10, 
    "steps": [
        100.0, 
        100.0, 
        100.0, 
        100.0, 
        100.0, 
        100.0, 
        100.0, 
        100.0, 
        100.0, 
        47.3, 
        41.8, 
        39.4, 
        42.3, 
        81.55, 
        40.3, 
        43.0, 
        39.35, 
        38.65, 
        37.85, 
        54.65
    ], 
    "terminated": [
        0.0, 
        0.0, 
        0.0, 
        0.0, 
        0.0, 
        0.0, 
        0.0, 
        0.0, 
        0.0, 
        0.975, 
        1.0, 
        1.0, 
        1.0, 
        0.65, 
        1.0, 
        1.0, 
        1.0, 
        1.0, 
        1.0, 
        1.0
    ]
}