MaxReturn,LossAfter,dLoss,NumTrajs,Iteration,AverageDiscountedReturn,MinReturn,StdReturn,LossBefore,Entropy,Perplexity,MeanKL,ExplainedVariance,AverageReturn
450.0,-0.00137305329908,0.00137305329908,68,0,-11.5386782235,-222.0,285.69581938,-2.17371125722e-17,0.691332321623,1.99637357385,8.23972706673e-05,1.1630696406e-12,70.3235294118
450.0,-0.00114478975993,0.00114478975993,61,1,-11.328623142,-275.0,282.721441703,-4.7537314455e-17,0.691035500883,1.9957810967,7.43119956329e-05,-0.94482958898,55.7868852459
449.0,-0.00109318892154,0.00109318892154,68,2,-11.9508884305,-222.0,270.917180172,-6.31058017216e-17,0.691152964069,1.99601554127,7.57979963394e-05,0.209421277693,32.6176470588
452.0,-0.00101327740005,0.00101327740005,52,3,-10.6843548557,-251.0,294.82095848,2.11197163421e-16,0.691194305545,1.99609806121,8.04787518047e-05,0.175007083658,66.2884615385
447.0,-0.00163892407066,0.00163892407066,58,4,-11.3595234558,-285.0,284.039552876,1.48258806017e-16,0.690756396882,1.99522414394,6.51102911131e-05,0.270204417835,44.7413793103
447.0,-0.00153315272308,0.00153315272308,59,5,-11.1438587741,-272.0,248.154979793,-2.53705267173e-17,0.690647525197,1.99500693235,7.28149140951e-05,-0.0235541790443,-38.4915254237
453.0,-0.000740919779026,0.000740919779026,60,6,-10.741925156,-298.0,281.772652151,-1.68932323812e-16,0.690562363859,1.99483704212,9.82630098565e-05,0.205887849504,39.65
452.0,-0.000866419152047,0.000866419152046,58,7,-10.5647931763,-264.0,296.871093566,-1.1494562745e-16,0.690618837127,1.99494970027,7.87904083224e-05,0.296723244838,75.6034482759
452.0,-0.00074680765092,0.000746807650921,61,8,-10.6122312747,-282.0,287.639779651,1.15722895853e-16,0.691207731463,1.99612486084,6.6700841258e-05,0.252351101331,37.4754098361
