{
    "discounted_return": [
        -500.0, 
        -500.0, 
        -500.0, 
        -500.0, 
        -500.0, 
        -209.0, 
        -169.0, 
        -128.0, 
        -500.0, 
        -159.0, 
        -170.0, 
        -500.0, 
        -141.0, 
        -175.0, 
        -250.0, 
        -232.0, 
        -500.0, 
        -120.0, 
        -500.0, 
        -138.0, 
        -123.0
    ], 
    "learning_episode": [
        0, 
        30, 
        34, 
        62, 
        66, 
        68, 
        69, 
        70, 
        74, 
        79, 
        80, 
        88, 
        93, 
        95, 
        97, 
        154, 
        256, 
        266, 
        270, 
        297, 
        302
    ], 
    "learning_steps": [
        0, 
        10406, 
        12136, 
        21432, 
        22914, 
        23467, 
        23609, 
        23792, 
        24803, 
        25923, 
        26055, 
        28062, 
        29180, 
        29591, 
        30102, 
        44639, 
        72152, 
        74178, 
        74944, 
        80171, 
        81014
    ], 
    "learning_time": [
        0, 
        0, 
        0, 
        0, 
        0, 
        0, 
        0, 
        0, 
        0, 
        0, 
        0, 
        54.307247999999994, 
        54.307247999999994, 
        54.307247999999994, 
        54.307247999999994, 
        54.307247999999994, 
        142.44187000000002, 
        142.44187000000002, 
        142.44187000000002, 
        142.44187000000002, 
        142.44187000000002
    ], 
    "num_features": [
        2000, 
        2000, 
        2000, 
        2000, 
        2000, 
        2000, 
        2000, 
        2000, 
        2000, 
        2000, 
        2000, 
        2000, 
        2000, 
        2000, 
        2000, 
        2000, 
        2000, 
        2000, 
        2000, 
        2000, 
        2000
    ], 
    "return": [
        -500.0, 
        -500.0, 
        -500.0, 
        -500.0, 
        -500.0, 
        -209.0, 
        -169.0, 
        -128.0, 
        -500.0, 
        -159.0, 
        -170.0, 
        -500.0, 
        -141.0, 
        -175.0, 
        -250.0, 
        -232.0, 
        -500.0, 
        -120.0, 
        -500.0, 
        -138.0, 
        -123.0
    ], 
    "return_std": [
        0.0, 
        0.0, 
        0.0, 
        0.0, 
        0.0, 
        0.0, 
        0.0, 
        0.0, 
        0.0, 
        0.0, 
        0.0, 
        0.0, 
        0.0, 
        0.0, 
        0.0, 
        0.0, 
        0.0, 
        0.0, 
        0.0, 
        0.0, 
        0.0
    ], 
    "seed": 52, 
    "steps": [
        500.0, 
        500.0, 
        500.0, 
        500.0, 
        500.0, 
        210.0, 
        170.0, 
        129.0, 
        500.0, 
        160.0, 
        171.0, 
        500.0, 
        142.0, 
        176.0, 
        251.0, 
        233.0, 
        500.0, 
        121.0, 
        500.0, 
        139.0, 
        124.0
    ], 
    "terminated": [
        0.0, 
        0.0, 
        0.0, 
        0.0, 
        0.0, 
        1.0, 
        1.0, 
        1.0, 
        0.0, 
        1.0, 
        1.0, 
        0.0, 
        1.0, 
        1.0, 
        1.0, 
        1.0, 
        0.0, 
        1.0, 
        0.0, 
        1.0, 
        1.0
    ]
}